model,target,split,horizon,mae,rmse,mape,smape,r2,nrmse,evaluated_step,sample_count,quick,meta,_registry_source,display_model
timesfm_2_5,biomass_mwh_smard,test,24,28.69429407702981,39.77119861780904,0.6919799207088709,0.692046084573675,0.9880875373823907,0.016783221267376573,1,32229,False,"{'run_mode': 'full', 'device': 'cuda', 'dtype': 'float32', 'batch_size': 16, 'context_length': 168, 'inference_seconds': 154.50904129998526, 'benchmark_set': 'final_six_v1'}",foundation,TimesFM 2.5
chronos_t5_small,biomass_mwh_smard,test,24,32.74843736819179,44.887172628025745,0.7904444997746481,0.7901350784672091,0.984825699071082,0.018942133414750643,1,32229,False,"{'run_mode': 'full', 'device': 'cuda', 'dtype': 'bfloat16', 'batch_size': 16, 'context_length': 168, 'inference_seconds': 427.7271461999917, 'benchmark_set': 'final_six_v1'}",foundation,Chronos-T5-small
moirai_2_0_small,biomass_mwh_smard,test,24,34.76308899484451,48.488858927045115,0.8396890271134103,0.8358759413903862,0.9822928723024047,0.0204620246977117,1,32229,False,"{'run_mode': 'full', 'device': 'cpu', 'dtype': 'float32', 'batch_size': 16, 'context_length': 168, 'inference_seconds': 34.212860899977386, 'benchmark_set': 'final_six_v1'}",foundation,Moirai 2.0 Small
xgboost,biomass_mwh_smard,test,24,65.97509996668131,99.33404513963546,1.683867333097605,1.6598247745431418,0.9256877460690721,0.04191840620603141,1,32229,False,{},baseline,XGBoost
seasonal_naive_24,biomass_mwh_smard,test,24,84.88813968040478,118.10367999459669,2.05409282412454,2.053160137885059,0.8949512107994912,0.04983908614092324,1,32229,False,{},baseline,Seasonal Naive (24 h)
seasonal_naive_168,biomass_mwh_smard,test,24,123.2253211620721,165.7506443550826,3.006346853954707,3.0002257625811244,0.793093258205442,0.06994583608490806,1,32229,False,{},baseline,Seasonal Naive (168 h)
chronos_t5_small,carbon_intensity_g_kwh,test,24,8.866461340672156,12.190612414341375,2.810695489101485,2.8091199053962805,0.9915786921991784,0.020761368578965725,1,32229,False,"{'run_mode': 'full', 'device': 'cuda', 'dtype': 'bfloat16', 'batch_size': 16, 'context_length': 168, 'inference_seconds': 429.11791650002124, 'benchmark_set': 'final_six_v1'}",foundation,Chronos-T5-small
timesfm_2_5,carbon_intensity_g_kwh,test,24,9.04087279868165,12.321188807916482,2.927214155959561,2.9279755484244028,0.9913973209728049,0.020983748271025792,1,32229,False,"{'run_mode': 'full', 'device': 'cuda', 'dtype': 'float32', 'batch_size': 16, 'context_length': 168, 'inference_seconds': 163.88399040000513, 'benchmark_set': 'final_six_v1'}",foundation,TimesFM 2.5
xgboost,carbon_intensity_g_kwh,test,24,10.284287210143894,14.826180930679492,3.4145332858191817,3.3525439427921753,0.987543756615562,0.02524990512848654,1,32229,False,{},baseline,XGBoost
moirai_2_0_small,carbon_intensity_g_kwh,test,24,10.474913229384983,14.13125697260886,3.3974542085764314,3.375338293826677,0.9886840744383868,0.024066406552903485,1,32229,False,"{'run_mode': 'full', 'device': 'cpu', 'dtype': 'float32', 'batch_size': 16, 'context_length': 168, 'inference_seconds': 32.76131760000135, 'benchmark_set': 'final_six_v1'}",foundation,Moirai 2.0 Small
seasonal_naive_24,carbon_intensity_g_kwh,test,24,79.26484507864004,106.0080580989383,25.547066430845998,23.893889513993948,0.3631953119512893,0.18053829387138115,1,32229,False,{},baseline,Seasonal Naive (24 h)
seasonal_naive_168,carbon_intensity_g_kwh,test,24,113.5984871809961,146.79018724872103,37.407755748666155,33.67708347363851,-0.22101934007622326,0.24999278770120287,1,32229,False,{},baseline,Seasonal Naive (168 h)
xgboost,load_mw,test,24,492.7674578273357,644.8761728303342,0.9437873873132098,0.9412216381718846,0.9950176073103411,0.01362267100548259,1,32228,False,{},baseline,XGBoost
chronos_t5_small,load_mw,test,24,511.2830105275304,664.3583365393571,0.9882941917465533,0.987655959294376,0.9947120167570823,0.01403422149822005,1,32228,False,"{'run_mode': 'full', 'device': 'cuda', 'dtype': 'bfloat16', 'batch_size': 16, 'context_length': 168, 'inference_seconds': 529.1959262000164, 'benchmark_set': 'final_six_v1'}",foundation,Chronos-T5-small
sarima,load_mw,test,24,554.819805888896,765.5783883705284,1.0953811359933592,1.0943746112407011,0.9929779385998464,0.016172442017675846,1,32228,False,{},baseline,SARIMA
timesfm_2_5,load_mw,test,24,560.9676410797676,752.5924982450271,1.085835637290175,1.0873728839387957,0.9932141373934178,0.015898121898021506,1,32228,False,"{'run_mode': 'full', 'device': 'cuda', 'dtype': 'float32', 'batch_size': 16, 'context_length': 168, 'inference_seconds': 154.0100148000056, 'benchmark_set': 'final_six_v1'}",foundation,TimesFM 2.5
moirai_2_0_small,load_mw,test,24,750.3671799245803,994.2867211005941,1.4754637904089807,1.4600050388975396,0.9881557225816391,0.02100378562170422,1,32228,False,"{'run_mode': 'full', 'device': 'cpu', 'dtype': 'float32', 'batch_size': 16, 'context_length': 168, 'inference_seconds': 35.317013799998676, 'benchmark_set': 'final_six_v1'}",foundation,Moirai 2.0 Small
seasonal_naive_168,load_mw,test,24,2646.799692450082,4037.415588126017,5.10755477457308,5.073084650424161,0.8047045149479249,0.08528828725064128,1,32228,False,{},baseline,Seasonal Naive (168 h)
seasonal_naive_24,load_mw,test,24,3931.115168074927,5864.5214673988985,7.588545308008607,7.645985133253581,0.5879494928713155,0.12388494089389193,1,32228,False,{},baseline,Seasonal Naive (24 h)
timesfm_2_5,other_renewables_mwh_smard,test,24,1.529175858229973,2.857657362230796,1.2604743847711053,1.2561567637151678,0.986845587820986,0.01898271120533815,1,32229,False,"{'run_mode': 'full', 'device': 'cuda', 'dtype': 'float32', 'batch_size': 16, 'context_length': 168, 'inference_seconds': 153.79451209999388, 'benchmark_set': 'final_six_v1'}",foundation,TimesFM 2.5
chronos_t5_small,other_renewables_mwh_smard,test,24,1.5621513101094309,2.872372667030321,1.2859954455335347,1.283842015336083,0.9867097635771062,0.019080461336267018,1,32229,False,"{'run_mode': 'full', 'device': 'cuda', 'dtype': 'bfloat16', 'batch_size': 16, 'context_length': 168, 'inference_seconds': 436.939183599985, 'benchmark_set': 'final_six_v1'}",foundation,Chronos-T5-small
moirai_2_0_small,other_renewables_mwh_smard,test,24,1.5832125652424138,2.9142484117814518,1.3047282111463216,1.3019014193513319,0.9863194274717172,0.019358631553461507,1,32229,False,"{'run_mode': 'full', 'device': 'cpu', 'dtype': 'float32', 'batch_size': 16, 'context_length': 168, 'inference_seconds': 33.06626829999732, 'benchmark_set': 'final_six_v1'}",foundation,Moirai 2.0 Small
xgboost,other_renewables_mwh_smard,test,24,3.939378803916831,6.783090535643112,3.9924714818998277,3.7308122006242437,0.9258849572515917,0.04505839308084842,1,32229,False,{},baseline,XGBoost
seasonal_naive_24,other_renewables_mwh_smard,test,24,6.293141269384973,10.388629758851554,5.225440986824447,5.187351307658054,0.8261528107879744,0.0690090985497,1,32229,False,{},baseline,Seasonal Naive (24 h)
seasonal_naive_168,other_renewables_mwh_smard,test,24,10.98770265976625,16.357911324574626,9.155689944279253,9.022719566071123,0.5689706583384915,0.10866155988502721,1,32229,False,{},baseline,Seasonal Naive (168 h)
moirai_2_0_small,pumped_storage_gen_mwh_smard,test,24,338.4277358148857,564.5759639577744,146.88957186657697,59.660703370653145,0.8643261505642521,0.07097566961566087,1,32229,False,"{'run_mode': 'full', 'device': 'cpu', 'dtype': 'float32', 'batch_size': 16, 'context_length': 168, 'inference_seconds': 32.92686189999222, 'benchmark_set': 'final_six_v1'}",foundation,Moirai 2.0 Small
chronos_t5_small,pumped_storage_gen_mwh_smard,test,24,343.8350894987496,588.3754691007008,102.7118924904388,57.39717027737618,0.852646487395475,0.0739676245019424,1,32229,False,"{'run_mode': 'full', 'device': 'cuda', 'dtype': 'bfloat16', 'batch_size': 16, 'context_length': 168, 'inference_seconds': 431.9872625999851, 'benchmark_set': 'final_six_v1'}",foundation,Chronos-T5-small
xgboost,pumped_storage_gen_mwh_smard,test,24,347.45331795253855,554.6287675380687,208.55259414638914,56.71455079784995,0.8690648766860871,0.06972515777711594,1,32229,False,{},baseline,XGBoost
timesfm_2_5,pumped_storage_gen_mwh_smard,test,24,349.3706185881005,571.3302276070659,125.29622877841969,71.27408834851863,0.8610604838944605,0.07182478189792771,1,32229,False,"{'run_mode': 'full', 'device': 'cuda', 'dtype': 'float32', 'batch_size': 16, 'context_length': 168, 'inference_seconds': 154.68058829999063, 'benchmark_set': 'final_six_v1'}",foundation,TimesFM 2.5
seasonal_naive_168,pumped_storage_gen_mwh_smard,test,24,618.0250006260312,1023.6211411026226,296.6229739703255,82.28654156287116,0.5540051214417498,0.1286845359359636,1,32229,False,{},baseline,Seasonal Naive (168 h)
seasonal_naive_24,pumped_storage_gen_mwh_smard,test,24,670.0117653210491,1118.481155988951,334.8447918718897,84.03808450302283,0.467513353734314,0.14060986309497153,1,32229,False,{},baseline,Seasonal Naive (24 h)
chronos_t5_small,run_of_river_mwh_smard,test,24,61.368049951812736,89.88360205034607,3.466116839926921,3.4755216710665664,0.9465030959599224,0.04101165470544395,1,32229,False,"{'run_mode': 'full', 'device': 'cuda', 'dtype': 'bfloat16', 'batch_size': 16, 'context_length': 168, 'inference_seconds': 428.2126935000124, 'benchmark_set': 'final_six_v1'}",foundation,Chronos-T5-small
timesfm_2_5,run_of_river_mwh_smard,test,24,61.4848141372398,90.09123119800473,3.4688685386544176,3.491281482101315,0.9462556571525249,0.041106390727547217,1,32229,False,"{'run_mode': 'full', 'device': 'cuda', 'dtype': 'float32', 'batch_size': 16, 'context_length': 168, 'inference_seconds': 154.7752865999937, 'benchmark_set': 'final_six_v1'}",foundation,TimesFM 2.5
moirai_2_0_small,run_of_river_mwh_smard,test,24,61.91451808296561,89.7963453925742,3.519299958771439,3.5191411875085974,0.946606912344086,0.040971841660153586,1,32229,False,"{'run_mode': 'full', 'device': 'cpu', 'dtype': 'float32', 'batch_size': 16, 'context_length': 168, 'inference_seconds': 32.89270160000888, 'benchmark_set': 'final_six_v1'}",foundation,Moirai 2.0 Small
xgboost,run_of_river_mwh_smard,test,24,62.851005428498496,90.6196128873633,3.5717003149529387,3.5798350396377785,0.945623391359229,0.04134747816621612,1,32229,False,{},baseline,XGBoost
seasonal_naive_24,run_of_river_mwh_smard,test,24,143.87452143771185,196.81102256474688,8.33917339938816,8.312152361250499,0.7435122968848078,0.08979998036938551,1,32229,False,{},baseline,Seasonal Naive (24 h)
seasonal_naive_168,run_of_river_mwh_smard,test,24,205.27032057287425,267.75310842148343,12.168875221801743,11.991525967427046,0.5252808453951316,0.12216909178540086,1,32229,False,{},baseline,Seasonal Naive (168 h)
timesfm_2_5,solar_mw,test,24,365.1121719331935,645.8155054129732,350.60886060295434,90.59603342569595,0.9972284858246122,0.011124099487298604,1,32229,False,"{'run_mode': 'full', 'device': 'cuda', 'dtype': 'float32', 'batch_size': 16, 'context_length': 168, 'inference_seconds': 153.54474109999137, 'benchmark_set': 'final_six_v1'}",foundation,TimesFM 2.5
chronos_t5_small,solar_mw,test,24,370.0548970350662,729.4305501397531,46.01232721639165,75.93818677523558,0.9964643597791251,0.01256435923389734,1,32229,False,"{'run_mode': 'full', 'device': 'cuda', 'dtype': 'bfloat16', 'batch_size': 16, 'context_length': 168, 'inference_seconds': 455.5827776999795, 'benchmark_set': 'final_six_v1'}",foundation,Chronos-T5-small
moirai_2_0_small,solar_mw,test,24,469.40343005134093,820.9028986400772,654.0761697350894,85.26533148068975,0.9955220035292333,0.014139960154788475,1,32229,False,"{'run_mode': 'full', 'device': 'cpu', 'dtype': 'float32', 'batch_size': 16, 'context_length': 168, 'inference_seconds': 35.193415399990045, 'benchmark_set': 'final_six_v1'}",foundation,Moirai 2.0 Small
xgboost,solar_mw,test,24,887.0175841136187,2565.5598346628553,81.78269767552912,65.42634575444963,0.9562614416537698,0.0441914797681376,1,32229,False,{},baseline,XGBoost
seasonal_naive_24,solar_mw,test,24,1756.796172284415,3693.0400331645114,30.948116534576076,27.02011995109347,0.9093707889001756,0.06361219945196026,1,32229,False,{},baseline,Seasonal Naive (24 h)
seasonal_naive_168,solar_mw,test,24,2707.5736441686713,5516.6573546674,47.731337157816746,38.9287991171191,0.7977669232419162,0.09502380282959516,1,32229,False,{},baseline,Seasonal Naive (168 h)
timesfm_2_5,wind_offshore_mw,test,24,243.88112383263078,356.2002427724363,13.809583344449896,13.583211731057007,0.9689108581519114,0.04216215840748284,1,32229,False,"{'run_mode': 'full', 'device': 'cuda', 'dtype': 'float32', 'batch_size': 16, 'context_length': 168, 'inference_seconds': 154.40322540001944, 'benchmark_set': 'final_six_v1'}",foundation,TimesFM 2.5
chronos_t5_small,wind_offshore_mw,test,24,245.65961246191947,359.5392557611968,13.789066267398923,13.185488762769616,0.968325268484223,0.04255738552316648,1,32229,False,"{'run_mode': 'full', 'device': 'cuda', 'dtype': 'bfloat16', 'batch_size': 16, 'context_length': 168, 'inference_seconds': 431.6580128999776, 'benchmark_set': 'final_six_v1'}",foundation,Chronos-T5-small
moirai_2_0_small,wind_offshore_mw,test,24,253.79829833546856,366.8594312401383,16.337414341062516,15.052291575633237,0.9670223511719469,0.04342384871171315,1,32229,False,"{'run_mode': 'full', 'device': 'cpu', 'dtype': 'float32', 'batch_size': 16, 'context_length': 168, 'inference_seconds': 35.429340800008504, 'benchmark_set': 'final_six_v1'}",foundation,Moirai 2.0 Small
xgboost,wind_offshore_mw,test,24,255.68258049417494,379.567506379118,16.147739943590462,13.031243471662513,0.9646980768174521,0.04492805845871818,1,32229,False,{},baseline,XGBoost
seasonal_naive_24,wind_offshore_mw,test,24,1714.5178259944319,2209.0424449725783,284.81056595116274,73.1656378212157,-0.19571708110849273,0.26147651323553306,1,32229,False,{},baseline,Seasonal Naive (24 h)
seasonal_naive_168,wind_offshore_mw,test,24,2040.7832038646864,2571.3027946416573,418.44981744098544,82.1940457438292,-0.620043797790294,0.30435598498607774,1,32229,False,{},baseline,Seasonal Naive (168 h)
timesfm_2_5,wind_onshore_mw,test,24,513.0039713582383,734.9560107686277,6.388171741432494,6.492056951552204,0.9943251802694335,0.015168431485535008,1,32229,False,"{'run_mode': 'full', 'device': 'cuda', 'dtype': 'float32', 'batch_size': 16, 'context_length': 168, 'inference_seconds': 154.10434029999305, 'benchmark_set': 'final_six_v1'}",foundation,TimesFM 2.5
xgboost,wind_onshore_mw,test,24,517.2234129456072,819.8092313386719,6.150259278909834,5.880461118655757,0.9929391824997659,0.01691967951083879,1,32229,False,{},baseline,XGBoost
chronos_t5_small,wind_onshore_mw,test,24,522.9139883002382,750.5786485947554,6.316783635296846,6.312163226357955,0.9940813618388018,0.015490860186051541,1,32229,False,"{'run_mode': 'full', 'device': 'cuda', 'dtype': 'bfloat16', 'batch_size': 16, 'context_length': 168, 'inference_seconds': 428.8735272999911, 'benchmark_set': 'final_six_v1'}",foundation,Chronos-T5-small
moirai_2_0_small,wind_onshore_mw,test,24,613.0352456357581,863.2266660145402,7.831175876928953,8.074223686474255,0.9921714906736967,0.01781575270911069,1,32229,False,"{'run_mode': 'full', 'device': 'cpu', 'dtype': 'float32', 'batch_size': 16, 'context_length': 168, 'inference_seconds': 34.96631759998854, 'benchmark_set': 'final_six_v1'}",foundation,Moirai 2.0 Small
seasonal_naive_24,wind_onshore_mw,test,24,7041.9954907946585,9435.281141925976,104.92064628931055,64.48284349555324,0.06472555403079494,0.19473058720669464,1,32229,False,{},baseline,Seasonal Naive (24 h)
seasonal_naive_168,wind_onshore_mw,test,24,9557.330260617826,12597.90981353353,172.04683025423458,78.91359909380314,-0.6673484411548669,0.26000267916400494,1,32229,False,{},baseline,Seasonal Naive (168 h)
